department,year,section,course_code,course_name,credits,total_no_of_hours,semester,timetable,semester_start_date,semester_end_date
Electronics and Communication Engineering,1,ECE-A,21LEH104T,German,3,36,Odd Semester (2024-25),"[{""day"": ""Thursday"", ""period"": ""1, 2, 3"", ""time"": ""09:00 - 11:40"", ""room"": ""IST602"", ""type"": ""Theory/Tutorial""}, {""day"": ""Friday"", ""period"": ""7, 8"", ""time"": ""02:25 - 04:10"", ""room"": ""IST626"", ""type"": ""Theory/Tutorial""}]",2024-08-05,2024-12-20
Electronics and Communication Engineering,1,ECE-A,21GNH101J,Philosophy of Engineering,2,24,Odd Semester (2024-25),"[{""day"": ""Monday"", ""period"": ""1, 2"", ""time"": ""09:00 - 10:45"", ""room"": ""IST602"", ""slot"": ""E""}, {""day"": ""Wednesday"", ""period"": ""2"", ""time"": ""09:55 - 10:45"", ""room"": ""IST602"", ""slot"": ""E""}]",2024-08-05,2024-12-20
Electronics and Communication Engineering,1,ECE-A,21MAB102T,Advanced Calculus and Complex Analysis,4,48,Odd Semester (2024-25),"[{""day"": ""Monday"", ""period"": ""4"", ""time"": ""11:45 - 12:35"", ""room"": ""IST602"", ""slot"": ""A""}, {""day"": ""Tuesday"", ""period"": ""3"", ""time"": ""10:50 - 11:40"", ""room"": ""IST602"", ""slot"": ""A""}, {""day"": ""Thursday"", ""period"": ""4"", ""time"": ""11:45 - 12:35"", ""room"": ""IST602"", ""slot"": ""A""}, {""day"": ""Friday"", ""period"": ""2"", ""time"": ""09:55 - 10:45"", ""room"": ""IST602"", ""slot"": ""A""}]",2024-08-05,2024-12-20
Electronics and Communication Engineering,1,ECE-A,21CYB101J,Chemistry,5,60,Odd Semester (2024-25),"[{""day"": ""Monday"", ""period"": ""3"", ""time"": ""10:50 - 11:40"", ""room"": ""IST602"", ""slot"": ""B""}, {""day"": ""Monday"", ""period"": ""6, 7"", ""time"": ""01:30 - 03:15"", ""room"": ""Che lab"", ""slot"": ""Lab""}, {""day"": ""Tuesday"", ""period"": ""2"", ""time"": ""09:55 - 10:45"", ""room"": ""IST602"", ""slot"": ""B""}, {""day"": ""Wednesday"", ""period"": ""1"", ""time"": ""09:00 - 09:50"", ""room"": ""IST602"", ""slot"": ""B""}, {""day"": ""Friday"", ""period"": ""4"", ""time"": ""11:45 - 12:35"", ""room"": ""IST602"", ""slot"": ""B""}]",2024-08-05,2024-12-20
Electronics and Communication Engineering,1,ECE-A,21BTB102J,Electronic System and PCB Design,2,24,Odd Semester (2024-25),"[{""day"": ""Tuesday"", ""period"": ""1"", ""time"": ""09:00 - 09:50"", ""room"": ""IST602"", ""slot"": ""C""}, {""day"": ""Wednesday"", ""period"": ""8, 9"", ""time"": ""03:20 - 05:05"", ""room"": ""IST 108"", ""slot"": ""PCB Lab""}, {""day"": ""Friday"", ""period"": ""3"", ""time"": ""10:50 - 11:40"", ""room"": ""IST602"", ""slot"": ""C""}]",2024-08-05,2024-12-20
Electronics and Communication Engineering,1,ECE-A,21CSS101J,Programming for Problem Solving,4,48,Odd Semester (2024-25),"[{""day"": ""Tuesday"", ""period"": ""4"", ""time"": ""11:45 - 12:35"", ""room"": ""IST602"", ""slot"": ""D""}, {""day"": ""Wednesday"", ""period"": ""3"", ""time"": ""10:50 - 11:40"", ""room"": ""IST602"", ""slot"": ""D""}, {""day"": ""Wednesday"", ""period"": ""6, 7"", ""time"": ""01:30 - 03:15"", ""room"": ""IST 618"", ""slot"": ""PPS LAB""}, {""day"": ""Friday"", ""period"": ""1"", ""time"": ""09:00 - 09:50"", ""room"": ""IST602"", ""slot"": ""D""}]",2024-08-05,2024-12-20
Electronics and Communication Engineering,1,ECE-A,21MES101L,Basic Civil and Mechanical Workshop,2,24,Odd Semester (2024-25),"[{""day"": ""Tuesday"", ""period"": ""6, 7, 8"", ""time"": ""01:30 - 04:10"", ""room"": ""IST 20,21"", ""slot"": ""Workshop""}]",2024-08-05,2024-12-20
Electronics and Communication Engineering,1,ECE-A,21PDM102L,General Aptitude,0,0,Odd Semester (2024-25),"[{""day"": ""Monday"", ""period"": ""9"", ""time"": ""04:15 - 05:05"", ""room"": ""IST710"", ""slot"": ""CDC""}, {""day"": ""Thursday"", ""period"": ""6, 7"", ""time"": ""01:30 - 03:15"", ""room"": ""IST510"", ""slot"": ""CDC""}]",2024-08-05,2024-12-20
Electronics and Communication Engineering,1,ECE-A,21GNM102L,NSS,0,0,Odd Semester (2024-25),"[{""day"": ""Thursday"", ""period"": ""8, 9"", ""time"": ""03:20 - 05:05"", ""room"": ""IST201"", ""slot"": ""NSS""}]",2024-08-05,2024-12-20
Electronics and Communication Engineering,1,ECE-A,21BTB103T,Biology,2,24,Odd Semester (2024-25),"[{""day"": ""Monday"", ""period"": ""8"", ""time"": ""03:20 - 04:10"", ""room"": ""IST710"", ""slot"": ""F""}, {""day"": ""Friday"", ""period"": ""6"", ""time"": ""01:30 - 02:20"", ""room"": ""IST602"", ""slot"": ""F""}]",2024-08-05,2024-12-20
Electronics and Communication Engineering / Electrical and Electronics Engineering,1,ECE-B & EEE,21LEH104T,German,3,36,Odd Semester (2024-25),"[{""day"": ""Thursday"", ""period"": ""7, 8"", ""time"": ""02:25 - 04:10"", ""room"": ""IST602"", ""slot"": ""German""}, {""day"": ""Friday"", ""period"": ""6"", ""time"": ""01:30 - 02:20"", ""room"": ""IST626"", ""slot"": ""German""}]",2024-08-05,2024-12-20
Electronics and Communication Engineering / Electrical and Electronics Engineering,1,ECE-B & EEE,21GNH101J,Philosophy of Engineering,2,24,Odd Semester (2024-25),"[{""day"": ""Monday"", ""period"": ""6, 7"", ""time"": ""01:30 - 03:15"", ""room"": ""IST602"", ""slot"": ""E""}, {""day"": ""Wednesday"", ""period"": ""8"", ""time"": ""03:20 - 04:10"", ""room"": ""IST602"", ""slot"": ""E""}]",2024-08-05,2024-12-20
Electronics and Communication Engineering / Electrical and Electronics Engineering,1,ECE-B & EEE,21MAB102T,Advanced Calculus and Complex Analysis,4,48,Odd Semester (2024-25),"[{""day"": ""Monday"", ""period"": ""9"", ""time"": ""04:15 - 05:05"", ""room"": ""IST602"", ""slot"": ""A""}, {""day"": ""Tuesday"", ""period"": ""8"", ""time"": ""03:20 - 04:10"", ""room"": ""IST602"", ""slot"": ""A""}, {""day"": ""Thursday"", ""period"": ""4"", ""time"": ""11:45 - 12:35"", ""room"": ""IST710"", ""slot"": ""A""}, {""day"": ""Friday"", ""period"": ""9"", ""time"": ""04:15 - 05:05"", ""room"": ""IST602"", ""slot"": ""A""}]",2024-08-05,2024-12-20
Electronics and Communication Engineering / Electrical and Electronics Engineering,1,ECE-B & EEE,21CYB101J,Chemistry,5,60,Odd Semester (2024-25),"[{""day"": ""Monday"", ""period"": ""3, 4"", ""time"": ""10:50 - 12:35"", ""room"": ""Che lab"", ""slot"": ""Lab""}, {""day"": ""Monday"", ""period"": ""8"", ""time"": ""03:20 - 04:10"", ""room"": ""IST602"", ""slot"": ""B""}, {""day"": ""Tuesday"", ""period"": ""7"", ""time"": ""02:25 - 03:15"", ""room"": ""IST602"", ""slot"": ""B""}, {""day"": ""Wednesday"", ""period"": ""7"", ""time"": ""02:25 - 03:15"", ""room"": ""IST602"", ""slot"": ""B""}, {""day"": ""Friday"", ""period"": ""8"", ""time"": ""03:20 - 04:10"", ""room"": ""IST602"", ""slot"": ""B""}]",2024-08-05,2024-12-20
Electronics and Communication Engineering / Electrical and Electronics Engineering,1,ECE-B & EEE,21BTB102J,Electronic System and PCB Design (for ECE),2,24,Odd Semester (2024-25),"[{""day"": ""Monday"", ""period"": ""2"", ""time"": ""09:55 - 10:45"", ""room"": ""IST710"", ""slot"": ""F""}, {""day"": ""Wednesday"", ""period"": ""1"", ""time"": ""09:00 - 09:50"", ""room"": ""IST710"", ""slot"": ""F""}, {""day"": ""Friday"", ""period"": ""1, 2"", ""time"": ""09:00 - 10:45"", ""room"": ""IST 617"", ""slot"": ""PCB Lab""}]",2024-08-05,2024-12-20
Electronics and Communication Engineering / Electrical and Electronics Engineering,1,ECE-B & EEE,21EEC101J,Electrical Circuits (for EEE),2,24,Odd Semester (2024-25),"[{""day"": ""Monday"", ""period"": ""2"", ""time"": ""09:55 - 10:45"", ""room"": ""IST520"", ""slot"": ""G""}, {""day"": ""Wednesday"", ""period"": ""1"", ""time"": ""09:00 - 09:50"", ""room"": ""IST520"", ""slot"": ""G""}, {""day"": ""Friday"", ""period"": ""1, 2"", ""time"": ""09:00 - 10:45"", ""room"": ""IST 617"", ""slot"": ""EC Lab""}]",2024-08-05,2024-12-20
Electronics and Communication Engineering / Electrical and Electronics Engineering,1,ECE-B & EEE,21CSS101J,Programming for Problem Solving,4,48,Odd Semester (2024-25),"[{""day"": ""Tuesday"", ""period"": ""9"", ""time"": ""04:15 - 05:05"", ""room"": ""IST602"", ""slot"": ""D""}, {""day"": ""Wednesday"", ""period"": ""2"", ""time"": ""09:55 - 10:45"", ""room"": ""IST 617"", ""slot"": ""PPS Lab""}, {""day"": ""Wednesday"", ""period"": ""6"", ""time"": ""01:30 - 02:20"", ""room"": ""IST618"", ""slot"": ""PPS LAB""}, {""day"": ""Wednesday"", ""period"": ""9"", ""time"": ""04:15 - 05:05"", ""room"": ""IST602"", ""slot"": ""D""}, {""day"": ""Thursday"", ""period"": ""6"", ""time"": ""01:30 - 02:20"", ""room"": ""IST602"", ""slot"": ""D""}]",2024-08-05,2024-12-20
Electronics and Communication Engineering / Electrical and Electronics Engineering,1,ECE-B & EEE,21MES101L,Basic Civil and Mechanical Workshop,2,24,Odd Semester (2024-25),"[{""day"": ""Tuesday"", ""period"": ""1, 2, 3, 4"", ""time"": ""09:00 - 12:35"", ""room"": ""IST 20,21"", ""slot"": ""Workshop""}]",2024-08-05,2024-12-20
Electronics and Communication Engineering / Electrical and Electronics Engineering,1,ECE-B & EEE,21PDM102L,General Aptitude,0,0,Odd Semester (2024-25),"[{""day"": ""Monday"", ""period"": ""1"", ""time"": ""09:00 - 09:50"", ""room"": ""IST609"", ""slot"": ""CDC""}, {""day"": ""Wednesday"", ""period"": ""3, 4"", ""time"": ""10:50 - 12:35"", ""room"": ""IST510"", ""slot"": ""CDC""}]",2024-08-05,2024-12-20
Electronics and Communication Engineering / Electrical and Electronics Engineering,1,ECE-B & EEE,21GNM102L,NSS,0,0,Odd Semester (2024-25),"[{""day"": ""Thursday"", ""period"": ""1, 2"", ""time"": ""09:00 - 10:45"", ""room"": ""201"", ""slot"": ""NSS""}]",2024-08-05,2024-12-20
Electronics and Communication Engineering / Electrical and Electronics Engineering,1,ECE-B & EEE,21BTB103T,Biology,2,24,Odd Semester (2024-25),"[{""day"": ""Tuesday"", ""period"": ""6"", ""time"": ""01:30 - 02:20"", ""room"": ""IST602"", ""slot"": ""C""}, {""day"": ""Thursday"", ""period"": ""3"", ""time"": ""10:50 - 11:40"", ""room"": ""IST626"", ""slot"": ""C""}]",2024-08-05,2024-12-20
Electronics and Communication Engineering (Data Science),1,ECE-DS,21LEH104T,German,3,36,Even Semester (2024-25),"[{""day"": ""Thursday"", ""period"": ""6"", ""time"": ""01:30 - 02:20"", ""room"": ""IST502"", ""slot"": ""German""}, {""day"": ""Friday"", ""period"": ""1, 2"", ""time"": ""09:00 - 10:45"", ""room"": ""IST626"", ""slot"": ""German""}]",2025-01-06,2025-05-16
Electronics and Communication Engineering (Data Science),1,ECE-DS,21GNH101J,Philosophy of Engineering,2,24,Even Semester (2024-25),"[{""day"": ""Monday"", ""period"": ""6, 7"", ""time"": ""01:30 - 03:15"", ""room"": ""IST502"", ""slot"": ""E""}, {""day"": ""Wednesday"", ""period"": ""9"", ""time"": ""04:15 - 05:05"", ""room"": ""IST502"", ""slot"": ""E""}]",2025-01-06,2025-05-16
Electronics and Communication Engineering (Data Science),1,ECE-DS,21MAB102T,Advanced Calculus and Complex Analysis,4,48,Even Semester (2024-25),"[{""day"": ""Monday"", ""period"": ""9"", ""time"": ""04:15 - 05:05"", ""room"": ""IST502"", ""slot"": ""A""}, {""day"": ""Tuesday"", ""period"": ""8"", ""time"": ""03:20 - 04:10"", ""room"": ""IST502"", ""slot"": ""A""}, {""day"": ""Wednesday"", ""period"": ""3"", ""time"": ""10:50 - 11:40"", ""room"": ""IST710"", ""slot"": ""A""}, {""day"": ""Thursday"", ""period"": ""2"", ""time"": ""09:55 - 10:45"", ""room"": ""IST510"", ""slot"": ""A""}]",2025-01-06,2025-05-16
Electronics and Communication Engineering (Data Science),1,ECE-DS,21CYB101J,Chemistry,5,60,Even Semester (2024-25),"[{""day"": ""Monday"", ""period"": ""8"", ""time"": ""03:20 - 04:10"", ""room"": ""IST502"", ""slot"": ""B""}, {""day"": ""Tuesday"", ""period"": ""1, 2"", ""time"": ""09:00 - 10:45"", ""room"": ""Che lab"", ""slot"": ""Lab""}, {""day"": ""Tuesday"", ""period"": ""7"", ""time"": ""02:25 - 03:15"", ""room"": ""IST502"", ""slot"": ""B""}, {""day"": ""Wednesday"", ""period"": ""8"", ""time"": ""03:20 - 04:10"", ""room"": ""IST502"", ""slot"": ""B""}, {""day"": ""Thursday"", ""period"": ""9"", ""time"": ""04:15 - 05:05"", ""room"": ""IST502"", ""slot"": ""B""}]",2025-01-06,2025-05-16
Electronics and Communication Engineering (Data Science),1,ECE-DS,21BTB102J,Electronic System and PCB Design,2,24,Even Semester (2024-25),"[{""day"": ""Monday"", ""period"": ""3, 4"", ""time"": ""10:50 - 12:35"", ""room"": ""IST 617"", ""slot"": ""PCB Lab""}, {""day"": ""Tuesday"", ""period"": ""6"", ""time"": ""01:30 - 02:20"", ""room"": ""IST502"", ""slot"": ""C""}, {""day"": ""Thursday"", ""period"": ""8"", ""time"": ""03:20 - 04:10"", ""room"": ""IST502"", ""slot"": ""C""}]",2025-01-06,2025-05-16
Electronics and Communication Engineering (Data Science),1,ECE-DS,21CSS101J,Programming for Problem Solving,4,48,Even Semester (2024-25),"[{""day"": ""Tuesday"", ""period"": ""9"", ""time"": ""04:15 - 05:05"", ""room"": ""IST502"", ""slot"": ""D""}, {""day"": ""Wednesday"", ""period"": ""6, 7"", ""time"": ""01:30 - 03:15"", ""room"": ""IST 617"", ""slot"": ""PPS lab""}, {""day"": ""Thursday"", ""period"": ""3"", ""time"": ""10:50 - 11:40"", ""room"": ""IST710"", ""slot"": ""D""}, {""day"": ""Friday"", ""period"": ""3, 4"", ""time"": ""10:50 - 12:35"", ""room"": ""PPS LAB"", ""slot"": ""Lab""}]",2025-01-06,2025-05-16
Electronics and Communication Engineering (Data Science),1,ECE-DS,21MES101L,Basic Civil and Mechanical Workshop,2,24,Even Semester (2024-25),"[{""day"": ""Friday"", ""period"": ""6, 7, 8, 9"", ""time"": ""01:30 - 05:05"", ""room"": ""IST 20,21"", ""slot"": ""Workshop""}]",2025-01-06,2025-05-16
Electronics and Communication Engineering (Data Science),1,ECE-DS,21PDM102L,General Aptitude,0,0,Even Semester (2024-25),"[{""day"": ""Monday"", ""period"": ""2"", ""time"": ""09:55 - 10:45"", ""room"": ""CDC"", ""slot"": ""CDC""}, {""day"": ""Wednesday"", ""period"": ""1, 2"", ""time"": ""09:00 - 10:45"", ""room"": ""IST510"", ""slot"": ""CDC""}]",2025-01-06,2025-05-16
Electronics and Communication Engineering (Data Science),1,ECE-DS,21GNM102L,NSS,0,0,Even Semester (2024-25),"[{""day"": ""Tuesday"", ""period"": ""3, 4"", ""time"": ""10:50 - 12:35"", ""room"": ""201"", ""slot"": ""NSS""}]",2025-01-06,2025-05-16
Electronics and Communication Engineering (Data Science),1,ECE-DS,21BTB103T,Biology,2,24,Even Semester (2024-25),"[{""day"": ""Monday"", ""period"": ""1"", ""time"": ""09:00 - 09:50"", ""room"": ""IST710"", ""slot"": ""F""}, {""day"": ""Thursday"", ""period"": ""1"", ""time"": ""09:00 - 09:50"", ""room"": ""IST710"", ""slot"": ""F""}]",2025-01-06,2025-05-16
Biotechnology & Biomedical Engineering,1,Biotech-B & Biomed. Engg.,21LEH105T,Japanese,3,36,Even Semester (2024-25),"[{""day"": ""Thursday"", ""period"": ""8, 9"", ""time"": ""03:20 - 05:05"", ""room"": ""IST702"", ""slot"": ""Japanese""}, {""day"": ""Friday"", ""period"": ""4"", ""time"": ""11:45 - 12:35"", ""room"": ""IST702"", ""slot"": ""Japanese""}]",2025-01-06,2025-05-16
Biotechnology & Biomedical Engineering,1,Biotech-B & Biomed. Engg.,21GNH101J,Philosophy of Engineering,2,24,Even Semester (2024-25),"[{""day"": ""Monday"", ""period"": ""6, 7"", ""time"": ""01:30 - 03:15"", ""room"": ""IST702"", ""slot"": ""E""}, {""day"": ""Wednesday"", ""period"": ""8"", ""time"": ""03:20 - 04:10"", ""room"": ""IST702"", ""slot"": ""E""}]",2025-01-06,2025-05-16
Biotechnology & Biomedical Engineering,1,Biotech-B & Biomed. Engg.,21MAB102T,Advanced Calculus and Complex Analysis,4,48,Even Semester (2024-25),"[{""day"": ""Monday"", ""period"": ""8"", ""time"": ""03:20 - 04:10"", ""room"": ""IST702"", ""slot"": ""A""}, {""day"": ""Tuesday"", ""period"": ""8"", ""time"": ""03:20 - 04:10"", ""room"": ""IST702"", ""slot"": ""A""}, {""day"": ""Thursday"", ""period"": ""4"", ""time"": ""11:45 - 12:35"", ""room"": ""IST710"", ""slot"": ""A""}, {""day"": ""Friday"", ""period"": ""3"", ""time"": ""10:50 - 11:40"", ""room"": ""IST702"", ""slot"": ""A""}]",2025-01-06,2025-05-16
Biotechnology & Biomedical Engineering,1,Biotech-B & Biomed. Engg.,21CYB101J,Chemistry,5,60,Even Semester (2024-25),"[{""day"": ""Monday"", ""period"": ""9"", ""time"": ""04:15 - 05:05"", ""room"": ""IST702"", ""slot"": ""B""}, {""day"": ""Tuesday"", ""period"": ""7"", ""time"": ""02:25 - 03:15"", ""room"": ""IST702"", ""slot"": ""B""}, {""day"": ""Wednesday"", ""period"": ""7"", ""time"": ""02:25 - 03:15"", ""room"": ""IST702"", ""slot"": ""B""}, {""day"": ""Thursday"", ""period"": ""1, 2, 3"", ""time"": ""09:00 - 11:40"", ""room"": ""Che lab"", ""slot"": ""Lab""}, {""day"": ""Thursday"", ""period"": ""7"", ""time"": ""02:25 - 03:15"", ""room"": ""IST702"", ""slot"": ""B""}]",2025-01-06,2025-05-16
Biotechnology & Biomedical Engineering,1,Biotech-B & Biomed. Engg.,21CSS101J,Programming for Problem Solving,4,48,Even Semester (2024-25),"[{""day"": ""Tuesday"", ""period"": ""9"", ""time"": ""04:15 - 05:05"", ""room"": ""IST702"", ""slot"": ""D""}, {""day"": ""Wednesday"", ""period"": ""6"", ""time"": ""01:30 - 02:20"", ""room"": ""IST702"", ""slot"": ""D""}, {""day"": ""Wednesday"", ""period"": ""9"", ""time"": ""04:15 - 05:05"", ""room"": ""IST702"", ""slot"": ""D""}, {""day"": ""Friday"", ""period"": ""8, 9"", ""time"": ""03:20 - 05:05"", ""room"": ""PPS LAB"", ""slot"": ""Lab""}]",2025-01-06,2025-05-16
Biotechnology & Biomedical Engineering,1,Biotech-B & Biomed. Engg.,21BTC105T,Cell biology (for Biotech),2,24,Even Semester (2024-25),"[{""day"": ""Monday"", ""period"": ""1"", ""time"": ""09:00 - 09:50"", ""room"": ""IST520"", ""slot"": ""C""}, {""day"": ""Tuesday"", ""period"": ""3"", ""time"": ""10:50 - 11:40"", ""room"": ""IST520"", ""slot"": ""C""}, {""day"": ""Thursday"", ""period"": ""6"", ""time"": ""01:30 - 02:20"", ""room"": ""IST510"", ""slot"": ""C""}]",2025-01-06,2025-05-16
Biotechnology & Biomedical Engineering,1,Biotech-B & Biomed. Engg.,21BTB104T,Biology: Human physiology and anatomy (only for Biomedical Engineering),2,24,Even Semester (2024-25),"[{""day"": ""Monday"", ""period"": ""4"", ""time"": ""11:45 - 12:35"", ""room"": ""IST520"", ""slot"": ""G""}, {""day"": ""Thursday"", ""period"": ""6"", ""time"": ""01:30 - 02:20"", ""room"": ""IST520"", ""slot"": ""G""}]",2025-01-06,2025-05-16
Biotechnology & Biomedical Engineering,1,Biotech-B & Biomed. Engg.,21BTC101T,Biochemistry (for Biotech),3,36,Even Semester (2024-25),"[{""day"": ""Monday"", ""period"": ""4"", ""time"": ""11:45 - 12:35"", ""room"": ""IST710"", ""slot"": ""F""}, {""day"": ""Tuesday"", ""period"": ""4"", ""time"": ""11:45 - 12:35"", ""room"": ""IST710"", ""slot"": ""F""}, {""day"": ""Friday"", ""period"": ""1"", ""time"": ""09:00 - 09:50"", ""room"": ""IST702"", ""slot"": ""F""}]",2025-01-06,2025-05-16
Biotechnology & Biomedical Engineering,1,Biotech-B & Biomed. Engg.,21MES101L,Basic Civil and Mechanical Workshop,2,24,Even Semester (2024-25),"[{""day"": ""Wednesday"", ""period"": ""1, 2, 3, 4"", ""time"": ""09:00 - 12:35"", ""room"": ""IST 20,21"", ""slot"": ""Workshop""}]",2025-01-06,2025-05-16
Biotechnology & Biomedical Engineering,1,Biotech-B & Biomed. Engg.,21PDM102L,General Aptitude,0,0,Even Semester (2024-25),"[{""day"": ""Tuesday"", ""period"": ""1, 2"", ""time"": ""09:00 - 10:45"", ""room"": ""IST710"", ""slot"": ""CDC""}, {""day"": ""Friday"", ""period"": ""2"", ""time"": ""09:55 - 10:45"", ""room"": ""IST702"", ""slot"": ""CDC""}]",2025-01-06,2025-05-16
Biotechnology & Biomedical Engineering,1,Biotech-B & Biomed. Engg.,21GNM101L,Physical and Mental Health using Yoga,0,0,Even Semester (2024-25),"[{""day"": ""Monday"", ""period"": ""2, 3"", ""time"": ""09:55 - 11:40"", ""room"": ""YOGA"", ""slot"": ""Yoga""}]",2025-01-06,2025-05-16
Biomedical Engineering,2,II-BME,21MAB201T,Transforms and Boundary Value Problems,4,48,Odd Semester (2026-2027),"[{""day"": ""Tuesday"", ""period"": ""4"", ""time"": ""11:40 - 12:30"", ""room"": ""IST 602"", ""slot"": ""A""}, {""day"": ""Wednesday"", ""period"": ""3"", ""time"": ""10:50 - 11:40"", ""room"": ""IST 602"", ""slot"": ""A""}, {""day"": ""Thursday"", ""period"": ""1"", ""time"": ""09:00 - 09:50"", ""room"": ""IST 602"", ""slot"": ""A""}, {""day"": ""Friday"", ""period"": ""2"", ""time"": ""09:50 - 10:40"", ""room"": ""IST 602"", ""slot"": ""A""}]",2026-07-06,2026-11-27
Biomedical Engineering,2,II-BME,21BMC202T,Biomedical Signals and Systems,3,36,Odd Semester (2026-2027),"[{""day"": ""Tuesday"", ""period"": ""3"", ""time"": ""10:50 - 11:40"", ""room"": ""IST 602"", ""slot"": ""B""}, {""day"": ""Wednesday"", ""period"": ""1"", ""time"": ""09:00 - 09:50"", ""room"": ""IST 602"", ""slot"": ""B""}, {""day"": ""Thursday"", ""period"": ""3"", ""time"": ""10:50 - 11:40"", ""room"": ""IST 602"", ""slot"": ""B""}]",2026-07-06,2026-11-27
Biomedical Engineering,2,II-BME,21BMC203J,Electric and Electronic Circuits,4,48,Odd Semester (2026-2027),"[{""day"": ""Monday"", ""period"": ""2"", ""time"": ""09:50 - 10:40"", ""room"": ""IST 602"", ""slot"": ""C""}, {""day"": ""Tuesday"", ""period"": ""1"", ""time"": ""09:00 - 09:50"", ""room"": ""IST 602"", ""slot"": ""C""}, {""day"": ""Friday"", ""period"": ""3"", ""time"": ""10:50 - 11:40"", ""room"": ""IST 602"", ""slot"": ""C""}, {""day"": ""Monday"", ""period"": ""6, 7"", ""time"": ""01:20 - 03:00"", ""room"": ""EEC-107,309"", ""slot"": ""EEC Lab""}, {""day"": ""Thursday"", ""period"": ""8, 9"", ""time"": ""03:10 - 04:50"", ""room"": ""EEC-107,309"", ""slot"": ""EEC Lab""}]",2026-07-06,2026-11-27
Biomedical Engineering,2,II-BME,21BMC204J,Digital Logic for Medical Systems,3,36,Odd Semester (2026-2027),"[{""day"": ""Wednesday"", ""period"": ""2"", ""time"": ""09:50 - 10:40"", ""room"": ""IST 602"", ""slot"": ""D""}, {""day"": ""Thursday"", ""period"": ""4"", ""time"": ""11:40 - 12:30"", ""room"": ""IST 602"", ""slot"": ""D""}, {""day"": ""Friday"", ""period"": ""4"", ""time"": ""11:40 - 12:30"", ""room"": ""IST 602"", ""slot"": ""D""}, {""day"": ""Monday"", ""period"": ""6, 7"", ""time"": ""01:20 - 03:00"", ""room"": ""DLMS-107,309"", ""slot"": ""DLMS Lab""}, {""day"": ""Thursday"", ""period"": ""8, 9"", ""time"": ""03:10 - 04:50"", ""room"": ""DLMS-107,309"", ""slot"": ""DLMS Lab""}]",2026-07-06,2026-11-27
Biomedical Engineering,2,II-BME,21PYS202T,Medical Physics,3,36,Odd Semester (2026-2027),"[{""day"": ""Monday"", ""period"": ""1"", ""time"": ""09:00 - 09:50"", ""room"": ""IST 602"", ""slot"": ""E""}, {""day"": ""Tuesday"", ""period"": ""2"", ""time"": ""09:50 - 10:40"", ""room"": ""IST 602"", ""slot"": ""E""}, {""day"": ""Thursday"", ""period"": ""2"", ""time"": ""09:50 - 10:40"", ""room"": ""IST 602"", ""slot"": ""E""}]",2026-07-06,2026-11-27
Biomedical Engineering,2,II-BME,21LEM201T,Professional Ethics,0,0,Odd Semester (2026-2027),"[{""day"": ""Friday"", ""period"": ""1"", ""time"": ""09:00 - 09:50"", ""room"": ""IST 602"", ""slot"": ""F""}]",2026-07-06,2026-11-27
Biomedical Engineering,2,II-BME,21LEM202T,Universal Human Values-II,3,36,Odd Semester (2026-2027),"[{""day"": ""Wednesday"", ""period"": ""7"", ""time"": ""02:10 - 03:00"", ""room"": ""G-602"", ""slot"": ""G""}, {""day"": ""Friday"", ""period"": ""8"", ""time"": ""03:10 - 04:00"", ""room"": ""G-602"", ""slot"": ""G""}]",2026-07-06,2026-11-27
Biomedical Engineering,2,II-BME,21PDM201L,Verbal Reasoning,0,0,Odd Semester (2026-2027),"[{""day"": ""Tuesday"", ""period"": ""6, 7"", ""time"": ""01:20 - 03:00"", ""room"": ""H-TB-106"", ""slot"": ""H""}, {""day"": ""Wednesday"", ""period"": ""6"", ""time"": ""01:20 - 02:10"", ""room"": ""H-TB-106"", ""slot"": ""H""}]",2026-07-06,2026-11-27
Biomedical Engineering,2,II-BME,21PDH201T,Social Engineering,2,24,Odd Semester (2026-2027),"[{""day"": ""Monday"", ""period"": ""3, 4"", ""time"": ""10:50 - 12:30"", ""room"": ""IST 602"", ""slot"": ""I""}]",2026-07-06,2026-11-27
Electronics and Communication Engineering (Data Science),2,II-ECE-DS A,21MAB201T,Transforms and Boundary Value Problems,4,48,Odd Semester (2026-2027),"[{""day"": ""Monday"", ""period"": ""2"", ""time"": ""09:50 - 10:40"", ""room"": ""IST 416"", ""slot"": ""A""}, {""day"": ""Tuesday"", ""period"": ""2"", ""time"": ""09:50 - 10:40"", ""room"": ""IST 416"", ""slot"": ""A""}, {""day"": ""Wednesday"", ""period"": ""1"", ""time"": ""09:00 - 09:50"", ""room"": ""IST 416"", ""slot"": ""A""}, {""day"": ""Thursday"", ""period"": ""3"", ""time"": ""10:50 - 11:40"", ""room"": ""IST 416"", ""slot"": ""A""}]",2026-07-06,2026-11-27
Electronics and Communication Engineering (Data Science),2,II-ECE-DS A,21ECC201T,Solid State Devices,3,36,Odd Semester (2026-2027),"[{""day"": ""Wednesday"", ""period"": ""2"", ""time"": ""09:50 - 10:40"", ""room"": ""IST 416"", ""slot"": ""B""}, {""day"": ""Thursday"", ""period"": ""1"", ""time"": ""09:00 - 09:50"", ""room"": ""IST 416"", ""slot"": ""B""}, {""day"": ""Friday"", ""period"": ""2"", ""time"": ""09:50 - 10:40"", ""room"": ""IST 416"", ""slot"": ""B""}]",2026-07-06,2026-11-27
Electronics and Communication Engineering (Data Science),2,II-ECE-DS A,21CSS201T,Computer Organization and Architecture,4,48,Odd Semester (2026-2027),"[{""day"": ""Tuesday"", ""period"": ""1"", ""time"": ""09:00 - 09:50"", ""room"": ""IST 416"", ""slot"": ""C""}, {""day"": ""Wednesday"", ""period"": ""3"", ""time"": ""10:50 - 11:40"", ""room"": ""IST 416"", ""slot"": ""C""}, {""day"": ""Thursday"", ""period"": ""2"", ""time"": ""09:50 - 10:40"", ""room"": ""IST 416"", ""slot"": ""C""}, {""day"": ""Friday"", ""period"": ""4"", ""time"": ""11:40 - 12:30"", ""room"": ""IST 416"", ""slot"": ""C""}]",2026-07-06,2026-11-27
Electronics and Communication Engineering (Data Science),2,II-ECE-DS A,21ECC203T,Digital Logic Design,3,36,Odd Semester (2026-2027),"[{""day"": ""Tuesday"", ""period"": ""4"", ""time"": ""11:40 - 12:30"", ""room"": ""IST 416"", ""slot"": ""D""}, {""day"": ""Wednesday"", ""period"": ""4"", ""time"": ""11:40 - 12:30"", ""room"": ""IST 416"", ""slot"": ""D""}, {""day"": ""Friday"", ""period"": ""1"", ""time"": ""09:00 - 09:50"", ""room"": ""IST 416"", ""slot"": ""D""}]",2026-07-06,2026-11-27
Electronics and Communication Engineering (Data Science),2,II-ECE-DS A,21ECC205T,Electromagnetic Theory and Interference,3,36,Odd Semester (2026-2027),"[{""day"": ""Monday"", ""period"": ""1"", ""time"": ""09:00 - 09:50"", ""room"": ""IST 416"", ""slot"": ""E""}, {""day"": ""Tuesday"", ""period"": ""3"", ""time"": ""10:50 - 11:40"", ""room"": ""IST 416"", ""slot"": ""E""}, {""day"": ""Friday"", ""period"": ""3"", ""time"": ""10:50 - 11:40"", ""room"": ""IST 416"", ""slot"": ""E""}]",2026-07-06,2026-11-27
Electronics and Communication Engineering (Data Science),2,II-ECE-DS A,21LEM201T,Professional Ethics,0,0,Odd Semester (2026-2027),"[{""day"": ""Thursday"", ""period"": ""4"", ""time"": ""11:40 - 12:30"", ""room"": ""IST 416"", ""slot"": ""F""}]",2026-07-06,2026-11-27
Electronics and Communication Engineering (Data Science),2,II-ECE-DS A,21LEM202T,Universal Human Values-II,3,36,Odd Semester (2026-2027),"[{""day"": ""Monday"", ""period"": ""6, 7"", ""time"": ""01:20 - 03:00"", ""room"": ""G-602"", ""slot"": ""G""}, {""day"": ""Tuesday"", ""period"": ""6, 7"", ""time"": ""01:20 - 03:00"", ""room"": ""G-602"", ""slot"": ""G""}]",2026-07-06,2026-11-27
Electronics and Communication Engineering (Data Science),2,II-ECE-DS A,21PDM201L,Verbal Reasoning,0,0,Odd Semester (2026-2027),"[{""day"": ""Tuesday"", ""period"": ""8, 9"", ""time"": ""03:10 - 04:50"", ""room"": ""H-TB -106"", ""slot"": ""H""}, {""day"": ""Wednesday"", ""period"": ""6, 7"", ""time"": ""01:20 - 03:00"", ""room"": ""H-TB - 106"", ""slot"": ""H""}]",2026-07-06,2026-11-27
Electronics and Communication Engineering (Data Science),2,II-ECE-DS A,21PDH209T,Social Engineering,2,24,Odd Semester (2026-2027),"[{""day"": ""Monday"", ""period"": ""3, 4"", ""time"": ""10:50 - 12:30"", ""room"": ""IST 416"", ""slot"": ""I""}]",2026-07-06,2026-11-27
Electronics and Communication Engineering (Data Science),2,II-ECE-DS A,21ECC211L,Devices and Digital IC Laboratory,2,24,Odd Semester (2026-2027),"[{""day"": ""Monday"", ""period"": ""8, 9"", ""time"": ""03:10 - 04:50"", ""room"": ""LAB -309/107"", ""slot"": ""LAB""}, {""day"": ""Thursday"", ""period"": ""6, 7"", ""time"": ""01:20 - 03:00"", ""room"": ""LAB -309/107"", ""slot"": ""LAB""}]",2026-07-06,2026-11-27
Electronics and Communication Engineering (Data Science),2,II-ECE-DS B,21MAB201T,Transforms and Boundary Value Problems,4,48,Odd Semester (2026-2027),"[{""day"": ""Tuesday"", ""period"": ""9"", ""time"": ""04:00 - 04:50"", ""room"": ""IST 411"", ""slot"": ""A""}, {""day"": ""Wednesday"", ""period"": ""8"", ""time"": ""03:10 - 04:00"", ""room"": ""IST 411"", ""slot"": ""A""}, {""day"": ""Thursday"", ""period"": ""6"", ""time"": ""01:20 - 02:10"", ""room"": ""IST 411"", ""slot"": ""A""}, {""day"": ""Friday"", ""period"": ""7"", ""time"": ""02:10 - 03:00"", ""room"": ""IST 411"", ""slot"": ""A""}]",2026-07-06,2026-11-27
Electronics and Communication Engineering (Data Science),2,II-ECE-DS B,21ECC201T,Solid State Devices,3,36,Odd Semester (2026-2027),"[{""day"": ""Monday"", ""period"": ""7"", ""time"": ""02:10 - 03:00"", ""room"": ""IST 411"", ""slot"": ""B""}, {""day"": ""Thursday"", ""period"": ""8"", ""time"": ""03:10 - 04:00"", ""room"": ""IST 411"", ""slot"": ""B""}, {""day"": ""Friday"", ""period"": ""8"", ""time"": ""03:10 - 04:00"", ""room"": ""IST 411"", ""slot"": ""B""}]",2026-07-06,2026-11-27
Electronics and Communication Engineering (Data Science),2,II-ECE-DS B,21CSS201T,Computer Organization and Architecture,4,48,Odd Semester (2026-2027),"[{""day"": ""Monday"", ""period"": ""8"", ""time"": ""03:10 - 04:00"", ""room"": ""IST 411"", ""slot"": ""C""}, {""day"": ""Tuesday"", ""period"": ""6"", ""time"": ""01:20 - 02:10"", ""room"": ""IST 411"", ""slot"": ""C""}, {""day"": ""Thursday"", ""period"": ""7"", ""time"": ""02:10 - 03:00"", ""room"": ""IST 411"", ""slot"": ""C""}, {""day"": ""Friday"", ""period"": ""9"", ""time"": ""04:00 - 04:50"", ""room"": ""IST 411"", ""slot"": ""C""}]",2026-07-06,2026-11-27
Electronics and Communication Engineering (Data Science),2,II-ECE-DS B,21ECC203T,Digital Logic Design,3,36,Odd Semester (2026-2027),"[{""day"": ""Monday"", ""period"": ""6"", ""time"": ""01:20 - 02:10"", ""room"": ""IST 411"", ""slot"": ""D""}, {""day"": ""Tuesday"", ""period"": ""7"", ""time"": ""02:10 - 03:00"", ""room"": ""IST 411"", ""slot"": ""D""}, {""day"": ""Wednesday"", ""period"": ""9"", ""time"": ""04:00 - 04:50"", ""room"": ""IST 411"", ""slot"": ""D""}]",2026-07-06,2026-11-27
Electronics and Communication Engineering (Data Science),2,II-ECE-DS B,21ECC205T,Electromagnetic Theory and Interference,3,36,Odd Semester (2026-2027),"[{""day"": ""Tuesday"", ""period"": ""8"", ""time"": ""03:10 - 04:00"", ""room"": ""IST 411"", ""slot"": ""E""}, {""day"": ""Wednesday"", ""period"": ""7"", ""time"": ""02:10 - 03:00"", ""room"": ""IST 411"", ""slot"": ""E""}, {""day"": ""Thursday"", ""period"": ""9"", ""time"": ""04:00 - 04:50"", ""room"": ""IST 411"", ""slot"": ""E""}]",2026-07-06,2026-11-27
Electronics and Communication Engineering (Data Science),2,II-ECE-DS B,21LEM201T,Professional Ethics,0,0,Odd Semester (2026-2027),"[{""day"": ""Friday"", ""period"": ""6"", ""time"": ""01:20 - 02:10"", ""room"": ""IST 411"", ""slot"": ""F""}]",2026-07-06,2026-11-27
Electronics and Communication Engineering (Data Science),2,II-ECE-DS B,21LEM202T,Universal Human Values-II,3,36,Odd Semester (2026-2027),"[{""day"": ""Wednesday"", ""period"": ""1, 2"", ""time"": ""09:00 - 10:40"", ""room"": ""G - 401"", ""slot"": ""G""}, {""day"": ""Thursday"", ""period"": ""1, 2"", ""time"": ""09:00 - 10:40"", ""room"": ""G-401"", ""slot"": ""G""}]",2026-07-06,2026-11-27
Electronics and Communication Engineering (Data Science),2,II-ECE-DS B,21PDM201L,Verbal Reasoning,0,0,Odd Semester (2026-2027),"[{""day"": ""Thursday"", ""period"": ""3, 4"", ""time"": ""10:50 - 12:30"", ""room"": ""H-TB-106"", ""slot"": ""H""}, {""day"": ""Friday"", ""period"": ""1, 2"", ""time"": ""09:00 - 10:40"", ""room"": ""H - TB- 106"", ""slot"": ""H""}]",2026-07-06,2026-11-27
Electronics and Communication Engineering (Data Science),2,II-ECE-DS B,21PDH209T,Social Engineering,2,24,Odd Semester (2026-2027),"[{""day"": ""Monday"", ""period"": ""9"", ""time"": ""04:00 - 04:50"", ""room"": ""IST 411"", ""slot"": ""I""}, {""day"": ""Wednesday"", ""period"": ""6"", ""time"": ""01:20 - 02:10"", ""room"": ""IST 411"", ""slot"": ""I""}]",2026-07-06,2026-11-27
Electronics and Communication Engineering (Data Science),2,II-ECE-DS B,21ECC211L,Devices and Digital IC Laboratory,2,24,Odd Semester (2026-2027),"[{""day"": ""Monday"", ""period"": ""3, 4"", ""time"": ""10:50 - 12:30"", ""room"": ""LAB -309/107"", ""slot"": ""LAB""}, {""day"": ""Tuesday"", ""period"": ""1, 2"", ""time"": ""09:00 - 10:40"", ""room"": ""LAB -309/107"", ""slot"": ""LAB""}]",2026-07-06,2026-11-27
Electronics and Communication Engineering,3,III-ECE-A,21MAB302T,Discrete Mathematics,4,48,Odd Semester (2026-2027),"[{""day"": ""Monday"", ""period"": ""4"", ""time"": ""11:40 - 12:30"", ""room"": ""IST 518"", ""slot"": ""A""}, {""day"": ""Wednesday"", ""period"": ""2"", ""time"": ""09:50 - 10:40"", ""room"": ""IST 518"", ""slot"": ""A""}, {""day"": ""Thursday"", ""period"": ""1"", ""time"": ""09:00 - 09:50"", ""room"": ""IST 518"", ""slot"": ""A""}, {""day"": ""Friday"", ""period"": ""2"", ""time"": ""09:50 - 10:40"", ""room"": ""IST 518"", ""slot"": ""A""}]",2026-07-06,2026-11-27
Electronics and Communication Engineering,3,III-ECE-A,21ECC301P,"Microprocessor, Microcontroller, and Interfacing Techniques",4,48,Odd Semester (2026-2027),"[{""day"": ""Monday"", ""period"": ""2"", ""time"": ""09:50 - 10:40"", ""room"": ""IST 518"", ""slot"": ""B""}, {""day"": ""Monday"", ""period"": ""3"", ""time"": ""10:50 - 11:40"", ""room"": ""IST 518"", ""slot"": ""B""}, {""day"": ""Tuesday"", ""period"": ""3"", ""time"": ""10:50 - 11:40"", ""room"": ""IST 518"", ""slot"": ""B""}, {""day"": ""Tuesday"", ""period"": ""4"", ""time"": ""11:40 - 12:30"", ""room"": ""IST 518"", ""slot"": ""B-Proj""}]",2026-07-06,2026-11-27
Electronics and Communication Engineering,3,III-ECE-A,21ECC303T,VLSI Design and Technology,3,36,Odd Semester (2026-2027),"[{""day"": ""Wednesday"", ""period"": ""1"", ""time"": ""09:00 - 09:50"", ""room"": ""IST 518"", ""slot"": ""C""}, {""day"": ""Thursday"", ""period"": ""3"", ""time"": ""10:50 - 11:40"", ""room"": ""IST 518"", ""slot"": ""C""}, {""day"": ""Friday"", ""period"": ""4"", ""time"": ""11:40 - 12:30"", ""room"": ""IST 518"", ""slot"": ""C""}]",2026-07-06,2026-11-27
Electronics and Communication Engineering,3,III-ECE-A,21ECE468T,System and Network on Chip,3,36,Odd Semester (2026-2027),"[{""day"": ""Tuesday"", ""period"": ""2"", ""time"": ""09:50 - 10:40"", ""room"": ""IST 518"", ""slot"": ""D""}, {""day"": ""Wednesday"", ""period"": ""3"", ""time"": ""10:50 - 11:40"", ""room"": ""IST 518"", ""slot"": ""D""}, {""day"": ""Friday"", ""period"": ""1"", ""time"": ""09:00 - 09:50"", ""room"": ""IST 518"", ""slot"": ""D""}]",2026-07-06,2026-11-27
Electronics and Communication Engineering,3,III-ECE-A,21CSO355T,Machine learning for all,3,36,Odd Semester (2026-2027),"[{""day"": ""Monday"", ""period"": ""1"", ""time"": ""09:00 - 09:50"", ""room"": ""IST 518"", ""slot"": ""E""}, {""day"": ""Thursday"", ""period"": ""2"", ""time"": ""09:50 - 10:40"", ""room"": ""IST 518"", ""slot"": ""E""}, {""day"": ""Friday"", ""period"": ""3"", ""time"": ""10:50 - 11:40"", ""room"": ""IST 518"", ""slot"": ""E""}]",2026-07-06,2026-11-27
Electronics and Communication Engineering,3,III-ECE-A,21GNP301L,Community connect,1,12,Odd Semester (2026-2027),"[{""day"": ""Wednesday"", ""period"": ""4"", ""time"": ""11:40 - 12:30"", ""room"": ""IST 518"", ""slot"": ""F""}, {""day"": ""Thursday"", ""period"": ""4"", ""time"": ""11:40 - 12:30"", ""room"": ""IST 518"", ""slot"": ""F""}]",2026-07-06,2026-11-27
Electronics and Communication Engineering,3,III-ECE-A,21PDM301L,Analytical and logical thinking skills,0,0,Odd Semester (2026-2027),"[{""day"": ""Monday"", ""period"": ""6, 7"", ""time"": ""01:20 - 03:00"", ""room"": ""625"", ""slot"": ""G""}, {""day"": ""Tuesday"", ""period"": ""7"", ""time"": ""02:10 - 03:00"", ""room"": ""625"", ""slot"": ""G""}]",2026-07-06,2026-11-27
Electronics and Communication Engineering,3,III-ECE-A,21LEM301T,Indian Art Form,0,0,Odd Semester (2026-2027),"[{""day"": ""Tuesday"", ""period"": ""1"", ""time"": ""09:00 - 09:50"", ""room"": ""IST 518"", ""slot"": ""H""}]",2026-07-06,2026-11-27
Electronics and Communication Engineering,3,III-ECE-A,21ECC311L,VLSI Design/ Microprocessor Laboratory,2,24,Odd Semester (2026-2027),"[{""day"": ""Wednesday"", ""period"": ""8, 9"", ""time"": ""03:10 - 04:50"", ""room"": ""LAB-108/309"", ""slot"": ""LAB""}, {""day"": ""Friday"", ""period"": ""6, 7"", ""time"": ""01:20 - 03:00"", ""room"": ""LAB-108/309"", ""slot"": ""LAB""}]",2026-07-06,2026-11-27
Electronics and Communication Engineering,3,III-ECE-B,21MAB302T,Discrete Mathematics,4,48,Odd Semester (2026-2027),"[{""day"": ""Monday"", ""period"": ""8"", ""time"": ""03:10 - 04:00"", ""room"": ""IST 518"", ""slot"": ""A""}, {""day"": ""Wednesday"", ""period"": ""8"", ""time"": ""03:10 - 04:00"", ""room"": ""IST 518"", ""slot"": ""A""}, {""day"": ""Thursday"", ""period"": ""6"", ""time"": ""01:20 - 02:10"", ""room"": ""IST 518"", ""slot"": ""A""}, {""day"": ""Friday"", ""period"": ""7"", ""time"": ""02:10 - 03:00"", ""room"": ""IST 518"", ""slot"": ""A""}]",2026-07-06,2026-11-27
Electronics and Communication Engineering,3,III-ECE-B,21ECC301P,"Microprocessor, Microcontroller, and Interfacing Techniques",4,48,Odd Semester (2026-2027),"[{""day"": ""Monday"", ""period"": ""7"", ""time"": ""02:10 - 03:00"", ""room"": ""IST 518"", ""slot"": ""B""}, {""day"": ""Tuesday"", ""period"": ""7"", ""time"": ""02:10 - 03:00"", ""room"": ""IST 518"", ""slot"": ""B""}, {""day"": ""Wednesday"", ""period"": ""6"", ""time"": ""01:20 - 02:10"", ""room"": ""IST 518"", ""slot"": ""B-Proj""}, {""day"": ""Wednesday"", ""period"": ""7"", ""time"": ""02:10 - 03:00"", ""room"": ""IST 518"", ""slot"": ""B""}]",2026-07-06,2026-11-27
Electronics and Communication Engineering,3,III-ECE-B,21ECC303T,VLSI Design and Technology,3,36,Odd Semester (2026-2027),"[{""day"": ""Tuesday"", ""period"": ""9"", ""time"": ""04:00 - 04:50"", ""room"": ""IST 518"", ""slot"": ""C""}, {""day"": ""Thursday"", ""period"": ""7"", ""time"": ""02:10 - 03:00"", ""room"": ""IST 518"", ""slot"": ""C""}, {""day"": ""Friday"", ""period"": ""6"", ""time"": ""01:20 - 02:10"", ""room"": ""IST 518"", ""slot"": ""C""}]",2026-07-06,2026-11-27
Electronics and Communication Engineering,3,III-ECE-B,21ECE468T,System and Network on Chip,3,36,Odd Semester (2026-2027),"[{""day"": ""Monday"", ""period"": ""9"", ""time"": ""04:00 - 04:50"", ""room"": ""IST 518"", ""slot"": ""D""}, {""day"": ""Tuesday"", ""period"": ""8"", ""time"": ""03:10 - 04:00"", ""room"": ""IST 518"", ""slot"": ""D""}, {""day"": ""Friday"", ""period"": ""9"", ""time"": ""04:00 - 04:50"", ""room"": ""IST 518"", ""slot"": ""D""}]",2026-07-06,2026-11-27
Electronics and Communication Engineering,3,III-ECE-B,21CSO355T,Machine learning for all,3,36,Odd Semester (2026-2027),"[{""day"": ""Monday"", ""period"": ""6"", ""time"": ""01:20 - 02:10"", ""room"": ""IST 518"", ""slot"": ""E""}, {""day"": ""Thursday"", ""period"": ""8"", ""time"": ""03:10 - 04:00"", ""room"": ""IST 518"", ""slot"": ""E""}, {""day"": ""Friday"", ""period"": ""8"", ""time"": ""03:10 - 04:00"", ""room"": ""IST 518"", ""slot"": ""E""}]",2026-07-06,2026-11-27
Electronics and Communication Engineering,3,III-ECE-B,21GNP301L,Community connect,1,12,Odd Semester (2026-2027),"[{""day"": ""Tuesday"", ""period"": ""6"", ""time"": ""01:20 - 02:10"", ""room"": ""IST 518"", ""slot"": ""F""}, {""day"": ""Thursday"", ""period"": ""9"", ""time"": ""04:00 - 04:50"", ""room"": ""IST 518"", ""slot"": ""F""}]",2026-07-06,2026-11-27
Electronics and Communication Engineering,3,III-ECE-B,21PDM301L,Analytical and logical thinking skills,0,0,Odd Semester (2026-2027),"[{""day"": ""Tuesday"", ""period"": ""1, 2"", ""time"": ""09:00 - 10:40"", ""room"": ""625"", ""slot"": ""G""}, {""day"": ""Wednesday"", ""period"": ""1, 2"", ""time"": ""09:00 - 10:40"", ""room"": ""625"", ""slot"": ""G""}]",2026-07-06,2026-11-27
Electronics and Communication Engineering,3,III-ECE-B,21LEM301T,Indian Art Form,0,0,Odd Semester (2026-2027),"[{""day"": ""Wednesday"", ""period"": ""9"", ""time"": ""04:00 - 04:50"", ""room"": ""IST 518"", ""slot"": ""H""}]",2026-07-06,2026-11-27
Electronics and Communication Engineering,3,III-ECE-B,21ECC311L,VLSI Design/ Microprocessor Laboratory,2,24,Odd Semester (2026-2027),"[{""day"": ""Monday"", ""period"": ""1, 2"", ""time"": ""09:00 - 10:40"", ""room"": ""LAB-108/309"", ""slot"": ""LAB""}, {""day"": ""Thursday"", ""period"": ""1, 2"", ""time"": ""09:00 - 10:40"", ""room"": ""LAB-108/309"", ""slot"": ""LAB""}]",2026-07-06,2026-11-27
Electronics and Communication Engineering (Data Science),3,III-ECE-DS,21MAB302T,Discrete Mathematics,4,48,Odd Semester (2026-2027),"[{""day"": ""Monday"", ""period"": ""4"", ""time"": ""11:40 - 12:30"", ""room"": ""IST 519"", ""slot"": ""A""}, {""day"": ""Wednesday"", ""period"": ""3"", ""time"": ""10:50 - 11:40"", ""room"": ""IST 519"", ""slot"": ""A""}, {""day"": ""Thursday"", ""period"": ""1"", ""time"": ""09:00 - 09:50"", ""room"": ""IST 519"", ""slot"": ""A""}, {""day"": ""Friday"", ""period"": ""2"", ""time"": ""09:50 - 10:40"", ""room"": ""IST 519"", ""slot"": ""A""}]",2026-07-06,2026-11-27
Electronics and Communication Engineering (Data Science),3,III-ECE-DS,21ECC301P,"Microprocessor, Microcontroller, and Interfacing Techniques",4,48,Odd Semester (2026-2027),"[{""day"": ""Monday"", ""period"": ""2"", ""time"": ""09:50 - 10:40"", ""room"": ""IST 519"", ""slot"": ""B""}, {""day"": ""Tuesday"", ""period"": ""2"", ""time"": ""09:50 - 10:40"", ""room"": ""IST 519"", ""slot"": ""B""}, {""day"": ""Wednesday"", ""period"": ""2"", ""time"": ""09:50 - 10:40"", ""room"": ""IST 519"", ""slot"": ""B""}, {""day"": ""Friday"", ""period"": ""4"", ""time"": ""11:40 - 12:30"", ""room"": ""IST 519"", ""slot"": ""B-Proj""}]",2026-07-06,2026-11-27
Electronics and Communication Engineering (Data Science),3,III-ECE-DS,21ECC303T,VLSI Design and Technology,3,36,Odd Semester (2026-2027),"[{""day"": ""Monday"", ""period"": ""3"", ""time"": ""10:50 - 11:40"", ""room"": ""IST 519"", ""slot"": ""C""}, {""day"": ""Tuesday"", ""period"": ""1"", ""time"": ""09:00 - 09:50"", ""room"": ""IST 519"", ""slot"": ""C""}, {""day"": ""Wednesday"", ""period"": ""4"", ""time"": ""11:40 - 12:30"", ""room"": ""IST 519"", ""slot"": ""C""}]",2026-07-06,2026-11-27
Electronics and Communication Engineering (Data Science),3,III-ECE-DS,21CSO355T,Machine learning for all,3,36,Odd Semester (2026-2027),"[{""day"": ""Tuesday"", ""period"": ""3"", ""time"": ""10:50 - 11:40"", ""room"": ""IST 519"", ""slot"": ""D""}, {""day"": ""Thursday"", ""period"": ""2"", ""time"": ""09:50 - 10:40"", ""room"": ""IST 519"", ""slot"": ""D""}, {""day"": ""Friday"", ""period"": ""1"", ""time"": ""09:00 - 09:50"", ""room"": ""IST 519"", ""slot"": ""D""}]",2026-07-06,2026-11-27
Electronics and Communication Engineering (Data Science),3,III-ECE-DS,21ECE371T,Database Design and Management,3,36,Odd Semester (2026-2027),"[{""day"": ""Monday"", ""period"": ""1"", ""time"": ""09:00 - 09:50"", ""room"": ""IST 519"", ""slot"": ""E""}, {""day"": ""Thursday"", ""period"": ""3"", ""time"": ""10:50 - 11:40"", ""room"": ""IST 519"", ""slot"": ""E""}, {""day"": ""Friday"", ""period"": ""3"", ""time"": ""10:50 - 11:40"", ""room"": ""IST 519"", ""slot"": ""E""}]",2026-07-06,2026-11-27
Electronics and Communication Engineering (Data Science),3,III-ECE-DS,21GNP301L,Community connect,1,12,Odd Semester (2026-2027),"[{""day"": ""Tuesday"", ""period"": ""4"", ""time"": ""11:40 - 12:30"", ""room"": ""IST 519"", ""slot"": ""F""}, {""day"": ""Thursday"", ""period"": ""4"", ""time"": ""11:40 - 12:30"", ""room"": ""IST 519"", ""slot"": ""F""}]",2026-07-06,2026-11-27
Electronics and Communication Engineering (Data Science),3,III-ECE-DS,21PDM301L,Analytical and logical thinking skills,0,0,Odd Semester (2026-2027),"[{""day"": ""Wednesday"", ""period"": ""8, 9"", ""time"": ""03:10 - 04:50"", ""room"": ""625"", ""slot"": ""G""}, {""day"": ""Friday"", ""period"": ""6, 7"", ""time"": ""01:20 - 03:00"", ""room"": ""625"", ""slot"": ""G""}]",2026-07-06,2026-11-27
Electronics and Communication Engineering (Data Science),3,III-ECE-DS,21LEM301T,Indian Art Form,0,0,Odd Semester (2026-2027),"[{""day"": ""Wednesday"", ""period"": ""1"", ""time"": ""09:00 - 09:50"", ""room"": ""IST 519"", ""slot"": ""H""}]",2026-07-06,2026-11-27
Electronics and Communication Engineering (Data Science),3,III-ECE-DS,21ECC311L,VLSI Design/ Microprocessor Laboratory,2,24,Odd Semester (2026-2027),"[{""day"": ""Tuesday"", ""period"": ""6, 7"", ""time"": ""01:20 - 03:00"", ""room"": ""LAB-108/107"", ""slot"": ""LAB""}, {""day"": ""Friday"", ""period"": ""8, 9"", ""time"": ""03:10 - 04:50"", ""room"": ""LAB-108/107"", ""slot"": ""LAB""}]",2026-07-06,2026-11-27
Electronics and Communication Engineering,4,IV-ECE-A,21GNH401T,Behavioural Psychology,3,36,Odd Semester (2026-2027),"[{""day"": ""Monday"", ""period"": ""3"", ""time"": ""10:50 - 11:40"", ""room"": ""IST 225"", ""slot"": ""A""}, {""day"": ""Thursday"", ""period"": ""2"", ""time"": ""09:50 - 10:40"", ""room"": ""IST 225"", ""slot"": ""A""}, {""day"": ""Friday"", ""period"": ""2"", ""time"": ""09:50 - 10:40"", ""room"": ""IST 225"", ""slot"": ""A""}]",2026-07-06,2026-11-27
Electronics and Communication Engineering,4,IV-ECE-A,21ECC401T,Wireless Communication and Antenna Systems,3,36,Odd Semester (2026-2027),"[{""day"": ""Tuesday"", ""period"": ""3"", ""time"": ""10:50 - 11:40"", ""room"": ""IST 225"", ""slot"": ""B""}, {""day"": ""Wednesday"", ""period"": ""1"", ""time"": ""09:00 - 09:50"", ""room"": ""IST 225"", ""slot"": ""B""}, {""day"": ""Thursday"", ""period"": ""4"", ""time"": ""11:40 - 12:30"", ""room"": ""IST 225"", ""slot"": ""B""}]",2026-07-06,2026-11-27
Electronics and Communication Engineering,4,IV-ECE-A,21ECC402P,Computer Communication and Network Security,3,36,Odd Semester (2026-2027),"[{""day"": ""Monday"", ""period"": ""1"", ""time"": ""09:00 - 09:50"", ""room"": ""IST 225"", ""slot"": ""C""}, {""day"": ""Tuesday"", ""period"": ""1"", ""time"": ""09:00 - 09:50"", ""room"": ""IST 225"", ""slot"": ""C""}, {""day"": ""Friday"", ""period"": ""1"", ""time"": ""09:00 - 09:50"", ""room"": ""IST 225"", ""slot"": ""C""}, {""day"": ""Wednesday"", ""period"": ""2"", ""time"": ""09:50 - 10:40"", ""room"": ""LAB - IST 108"", ""slot"": ""LAB""}]",2026-07-06,2026-11-27
Electronics and Communication Engineering,4,IV-ECE-A,21ECE461T,Semiconductor Memory Design,3,36,Odd Semester (2026-2027),"[{""day"": ""Monday"", ""period"": ""4"", ""time"": ""11:40 - 12:30"", ""room"": ""IST 225"", ""slot"": ""D""}, {""day"": ""Tuesday"", ""period"": ""2"", ""time"": ""09:50 - 10:40"", ""room"": ""IST 225"", ""slot"": ""D""}, {""day"": ""Friday"", ""period"": ""3"", ""time"": ""10:50 - 11:40"", ""room"": ""IST 225"", ""slot"": ""D""}]",2026-07-06,2026-11-27
Electronics and Communication Engineering,4,IV-ECE-A,21ECE463T,Scripting Language for Electronic Design Automation,3,36,Odd Semester (2026-2027),"[{""day"": ""Wednesday"", ""period"": ""3"", ""time"": ""10:50 - 11:40"", ""room"": ""IST 225"", ""slot"": ""E""}, {""day"": ""Thursday"", ""period"": ""3"", ""time"": ""10:50 - 11:40"", ""room"": ""IST 225"", ""slot"": ""E""}, {""day"": ""Friday"", ""period"": ""4"", ""time"": ""11:40 - 12:30"", ""room"": ""IST 225"", ""slot"": ""E""}]",2026-07-06,2026-11-27
Electronics and Communication Engineering,4,IV-ECE-A,21CSO355T,Machine learning for all,3,36,Odd Semester (2026-2027),"[{""day"": ""Tuesday"", ""period"": ""4"", ""time"": ""11:40 - 12:30"", ""room"": ""IST 225"", ""slot"": ""F""}, {""day"": ""Wednesday"", ""period"": ""4"", ""time"": ""11:40 - 12:30"", ""room"": ""IST 225"", ""slot"": ""F""}, {""day"": ""Thursday"", ""period"": ""1"", ""time"": ""09:00 - 09:50"", ""room"": ""IST 225"", ""slot"": ""F""}]",2026-07-06,2026-11-27
Electronics and Communication Engineering,4,IV-ECE-A,21ECC402P-LAB,Computer Communication and Network Security Laboratory,1,12,Odd Semester (2026-2027),"[{""day"": ""Wednesday"", ""period"": ""2"", ""time"": ""09:50 - 10:40"", ""room"": ""LAB - IST 108"", ""slot"": ""LAB""}]",2026-07-06,2026-11-27
Electronics and Communication Engineering,4,IV-ECE-B,21GNH401T,Behavioural Psychology,3,36,Odd Semester (2026-2027),"[{""day"": ""Monday"", ""period"": ""2"", ""time"": ""09:50 - 10:40"", ""room"": ""IST 227"", ""slot"": ""A""}, {""day"": ""Wednesday"", ""period"": ""3"", ""time"": ""10:50 - 11:40"", ""room"": ""IST 227"", ""slot"": ""A""}, {""day"": ""Thursday"", ""period"": ""4"", ""time"": ""11:40 - 12:30"", ""room"": ""IST 227"", ""slot"": ""A""}]",2026-07-06,2026-11-27
Electronics and Communication Engineering,4,IV-ECE-B,21ECC401T,Wireless Communication and Antenna Systems,3,36,Odd Semester (2026-2027),"[{""day"": ""Tuesday"", ""period"": ""4"", ""time"": ""11:40 - 12:30"", ""room"": ""IST 227"", ""slot"": ""B""}, {""day"": ""Wednesday"", ""period"": ""4"", ""time"": ""11:40 - 12:30"", ""room"": ""IST 227"", ""slot"": ""B""}, {""day"": ""Thursday"", ""period"": ""2"", ""time"": ""09:50 - 10:40"", ""room"": ""IST 227"", ""slot"": ""B""}]",2026-07-06,2026-11-27
Electronics and Communication Engineering,4,IV-ECE-B,21ECC402P,Computer Communication and Network Security,3,36,Odd Semester (2026-2027),"[{""day"": ""Monday"", ""period"": ""1"", ""time"": ""09:00 - 09:50"", ""room"": ""IST 227"", ""slot"": ""C""}, {""day"": ""Tuesday"", ""period"": ""1"", ""time"": ""09:00 - 09:50"", ""room"": ""IST 227"", ""slot"": ""C""}, {""day"": ""Wednesday"", ""period"": ""1"", ""time"": ""09:00 - 09:50"", ""room"": ""IST 227"", ""slot"": ""C""}, {""day"": ""Thursday"", ""period"": ""3"", ""time"": ""10:50 - 11:40"", ""room"": ""LAB - IST 108"", ""slot"": ""LAB""}]",2026-07-06,2026-11-27
Electronics and Communication Engineering,4,IV-ECE-B,21ECE461T,Semiconductor Memory Design,3,36,Odd Semester (2026-2027),"[{""day"": ""Wednesday"", ""period"": ""2"", ""time"": ""09:50 - 10:40"", ""room"": ""IST 227"", ""slot"": ""D""}, {""day"": ""Thursday"", ""period"": ""1"", ""time"": ""09:00 - 09:50"", ""room"": ""IST 227"", ""slot"": ""D""}, {""day"": ""Friday"", ""period"": ""2"", ""time"": ""09:50 - 10:40"", ""room"": ""IST 227"", ""slot"": ""D""}]",2026-07-06,2026-11-27
Electronics and Communication Engineering,4,IV-ECE-B,21ECE463T,Scripting Language for Electronic Design Automation,3,36,Odd Semester (2026-2027),"[{""day"": ""Monday"", ""period"": ""3"", ""time"": ""10:50 - 11:40"", ""room"": ""IST 227"", ""slot"": ""E""}, {""day"": ""Tuesday"", ""period"": ""2"", ""time"": ""09:50 - 10:40"", ""room"": ""IST 227"", ""slot"": ""E""}, {""day"": ""Friday"", ""period"": ""1"", ""time"": ""09:00 - 09:50"", ""room"": ""IST 227"", ""slot"": ""E""}]",2026-07-06,2026-11-27
Electronics and Communication Engineering,4,IV-ECE-B,21CSO355T,Machine learning for all,3,36,Odd Semester (2026-2027),"[{""day"": ""Monday"", ""period"": ""4"", ""time"": ""11:40 - 12:30"", ""room"": ""IST 227"", ""slot"": ""F""}, {""day"": ""Tuesday"", ""period"": ""3"", ""time"": ""10:50 - 11:40"", ""room"": ""IST 227"", ""slot"": ""F""}, {""day"": ""Friday"", ""period"": ""4"", ""time"": ""11:40 - 12:30"", ""room"": ""IST 227"", ""slot"": ""F""}]",2026-07-06,2026-11-27
Electronics and Communication Engineering,4,IV-ECE-B,21ECC402P-LAB,Computer Communication and Network Security Laboratory,1,12,Odd Semester (2026-2027),"[{""day"": ""Thursday"", ""period"": ""3"", ""time"": ""10:50 - 11:40"", ""room"": ""LAB - IST 108"", ""slot"": ""LAB""}]",2026-07-06,2026-11-27
